key,method,source,scope,legacy_file,line,argument
,setBoolean,key,procedure,net/narutomod/procedure/ProcedureAoeCommand.java,284,key
,setInteger,key,procedure,net/narutomod/procedure/ProcedureAoeCommand.java,293,key
,setBoolean,CTRL_pressed,procedure,net/narutomod/procedure/ProcedureSpecialJutsu2OnKeyPressed.java,197,(CTRL_pressed)
,removeTag,tagName,procedure,net/narutomod/procedure/ProcedureSync.java,552,tagName
,setInteger,tagName,procedure,net/narutomod/procedure/ProcedureSync.java,557,tagName
,setDouble,tagName,procedure,net/narutomod/procedure/ProcedureSync.java,562,tagName
,setBoolean,tagName,procedure,net/narutomod/procedure/ProcedureSync.java,567,tagName
,removeTag,message.tag,procedure,net/narutomod/procedure/ProcedureSync.java,631,message.tag
,setInteger,message.tag,procedure,net/narutomod/procedure/ProcedureSync.java,634,message.tag
,setDouble,message.tag,procedure,net/narutomod/procedure/ProcedureSync.java,637,message.tag
,setBoolean,message.tag,procedure,net/narutomod/procedure/ProcedureSync.java,640,message.tag
BanshoTenin_cooldown,getInteger,NarutomodModVariables.BSTN_CD,procedure,net/narutomod/procedure/ProcedureBanShoTenin.java,50,BSTN_CD
BanshoTenin_cooldown,getInteger,NarutomodModVariables.BSTN_CD,procedure,net/narutomod/procedure/ProcedureBanShoTenin.java,104,BSTN_CD
BanshoTenin_cooldown,setInteger,NarutomodModVariables.BSTN_CD,procedure,net/narutomod/procedure/ProcedureBanShoTenin.java,108,BSTN_CD
ChakraPathwaySystem,getDouble,NarutomodModVariables.DATAKEY,Chakra.java,net/narutomod/Chakra.java,194,DATAKEY
ChakraPathwaySystem,setDouble,NarutomodModVariables.DATAKEY,Chakra.java,net/narutomod/Chakra.java,219,DATAKEY
ChidoriEntityIdKey,getInteger,NarutomodModVariables.ID_KEY,entity,net/narutomod/entity/EntityChidori.java,250,ID_KEY
ChidoriEntityIdKey,setInteger,NarutomodModVariables.ID_KEY,entity,net/narutomod/entity/EntityChidori.java,264,ID_KEY
EntityChakraModeIdKey,getInteger,NarutomodModVariables.ID_KEY,item,net/narutomod/item/ItemRaiton.java,229,ID_KEY
EntityChakraModeIdKey,setInteger,NarutomodModVariables.ID_KEY,item,net/narutomod/item/ItemRaiton.java,236,ID_KEY
FearEffect,getInteger,literal,keybind,net/narutomod/keybind/KeyBindingExtendedReachMouseEvent.java,64,"""FearEffect"""
FearEffect,setInteger,literal,procedure,net/narutomod/procedure/ProcedureAoeCommand.java,343,"""FearEffect"""
FearEffect,getInteger,literal,procedure,net/narutomod/procedure/ProcedureOnKeyEvent.java,27,"""FearEffect"""
FearEffect,getInteger,literal,procedure,net/narutomod/procedure/ProcedureOnLivingUpdate.java,158,"""FearEffect"""
FearEffect,setInteger,literal,procedure,net/narutomod/procedure/ProcedureOnLivingUpdate.java,159,"""FearEffect"""
FearEffect,getInteger,literal,procedure,net/narutomod/procedure/ProcedureOnLivingUpdate.java,159,"""FearEffect"""
FearEffect,setInteger,literal,procedure,net/narutomod/procedure/ProcedureParalysisOnPotionActiveTick.java,38,"""FearEffect"""
FearEffect,getInteger,literal,procedure,net/narutomod/procedure/ProcedureWhenPlayerAttcked.java,84,"""FearEffect"""
FirstGotNinjutsuFlag,setBoolean,NarutomodModVariables.FirstGotNinjutsu,procedure,net/narutomod/procedure/ProcedureOnPlayerDeath.java,184,(NarutomodModVariables.FirstGotNinjutsu)
FirstGotNinjutsuFlag,getBoolean,NarutomodModVariables.FirstGotNinjutsu,procedure,net/narutomod/procedure/ProcedureOnPlayerPostTick.java,94,(NarutomodModVariables.FirstGotNinjutsu)
FirstGotNinjutsuFlag,setBoolean,NarutomodModVariables.FirstGotNinjutsu,procedure,net/narutomod/procedure/ProcedureOnPlayerPostTick.java,95,(NarutomodModVariables.FirstGotNinjutsu)
ForceBipedBowPose,getBoolean,NarutomodModVariables.forceBowPose,entity,net/narutomod/entity/EntityChidori.java,157,NarutomodModVariables.forceBowPose
ForceBipedBowPose,getBoolean,NarutomodModVariables.forceBowPose,procedure,net/narutomod/procedure/ProcedureOnLivingUpdate.java,199,NarutomodModVariables.forceBowPose
ForceExtinguish,setInteger,literal,entity,net/narutomod/entity/EntityKageBunshin.java,308,"""ForceExtinguish"""
ForceExtinguish,getInteger,literal,procedure,net/narutomod/procedure/ProcedureOnLivingUpdate.java,161,"""ForceExtinguish"""
ForceExtinguish,setInteger,literal,procedure,net/narutomod/procedure/ProcedureOnLivingUpdate.java,162,"""ForceExtinguish"""
ForceExtinguish,getInteger,literal,procedure,net/narutomod/procedure/ProcedureOnLivingUpdate.java,162,"""ForceExtinguish"""
FutonChakraFlowEntityIdKey,getInteger,NarutomodModVariables.ID_KEY,item,net/narutomod/item/ItemFuton.java,187,ID_KEY
FutonChakraFlowEntityIdKey,setInteger,NarutomodModVariables.ID_KEY,item,net/narutomod/item/ItemFuton.java,194,ID_KEY
GlowingTicks,hasKey,literal,procedure,net/narutomod/procedure/ProcedureOnLivingUpdate.java,165,"""GlowingTicks"""
GlowingTicks,getInteger,literal,procedure,net/narutomod/procedure/ProcedureOnLivingUpdate.java,166,"""GlowingTicks"""
GlowingTicks,removeTag,literal,procedure,net/narutomod/procedure/ProcedureOnLivingUpdate.java,171,"""GlowingTicks"""
GlowingTicks,setInteger,literal,procedure,net/narutomod/procedure/ProcedureOnLivingUpdate.java,183,"""GlowingTicks"""
HakkeRokujuuyonshouActive,setBoolean,NarutomodModVariables.JUTSUACTIVEKEY,entity,net/narutomod/entity/EntityEightTrigrams.java,107,JUTSUACTIVEKEY
HakkeRokujuuyonshouActive,setBoolean,NarutomodModVariables.JUTSUACTIVEKEY,entity,net/narutomod/entity/EntityEightTrigrams.java,158,JUTSUACTIVEKEY
HakkeRokujuuyonshouActive,getBoolean,NarutomodModVariables.JUTSUACTIVEKEY,entity,net/narutomod/entity/EntityEightTrigrams.java,182,JUTSUACTIVEKEY
I_am_clone_ogCloneIDKey,getInteger,NarutomodModVariables.OGCLONE_KEY,entity,net/narutomod/entity/EntityKageBunshin.java,60,OGCLONE_KEY
I_am_clone_ogCloneIDKey,getInteger,NarutomodModVariables.OGCLONE_KEY,entity,net/narutomod/entity/EntityKageBunshin.java,85,OGCLONE_KEY
I_am_clone_ogCloneIDKey,setInteger,NarutomodModVariables.OGCLONE_KEY,entity,net/narutomod/entity/EntityKageBunshin.java,176,OGCLONE_KEY
I_am_clone_ogCloneIDKey,setInteger,NarutomodModVariables.OGCLONE_KEY,entity,net/narutomod/entity/EntityKageBunshin.java,180,OGCLONE_KEY
I_am_clone_ogCloneIDKey,getInteger,NarutomodModVariables.OGCLONE_KEY,entity,net/narutomod/entity/EntityKageBunshin.java,301,OGCLONE_KEY
I_am_clone_ogCloneIDKey,setInteger,NarutomodModVariables.OGCLONE_KEY,entity,net/narutomod/entity/EntityKageBunshin.java,310,OGCLONE_KEY
IryoCellularActivationEntityIdKey,getInteger,NarutomodModVariables.ID_KEY,entity,net/narutomod/entity/EntityCellularActivation.java,164,ID_KEY
IryoCellularActivationEntityIdKey,setInteger,NarutomodModVariables.ID_KEY,entity,net/narutomod/entity/EntityCellularActivation.java,171,ID_KEY
IryoCellularActivationEntityIdKey,getInteger,NarutomodModVariables.ID_KEY,entity,net/narutomod/entity/EntityCellularActivation.java,181,EC.Jutsu.ID_KEY
IryoEnhancedStrengthEntityIdKey,getInteger,NarutomodModVariables.ID_KEY,entity,net/narutomod/entity/EntityEnhancedStrength.java,151,ID_KEY
IryoEnhancedStrengthEntityIdKey,setInteger,NarutomodModVariables.ID_KEY,entity,net/narutomod/entity/EntityEnhancedStrength.java,158,ID_KEY
JitonSandLevitationEntityIdKey,getInteger,NarutomodModVariables.ID_KEY,entity,net/narutomod/entity/EntitySandLevitation.java,247,ID_KEY
JitonSandLevitationEntityIdKey,setInteger,NarutomodModVariables.ID_KEY,entity,net/narutomod/entity/EntitySandLevitation.java,251,ID_KEY
JitonSandShieldEntityIdKey,getInteger,NarutomodModVariables.ID_KEY,item,net/narutomod/item/ItemJiton.java,355,ID_KEY
JitonSandShieldEntityIdKey,setInteger,NarutomodModVariables.ID_KEY,item,net/narutomod/item/ItemJiton.java,359,ID_KEY
JutsuKey2Pressed,getBoolean,NarutomodModVariables.JutsuKey2Pressed,entity,net/narutomod/entity/EntityShadowImitation.java,157,NarutomodModVariables.JutsuKey2Pressed
JutsuKey2Pressed,setBoolean,NarutomodModVariables.JutsuKey2Pressed,procedure,net/narutomod/procedure/ProcedureSpecialJutsu2OnKeyPressed.java,71,(NarutomodModVariables.JutsuKey2Pressed)
KabutowariHammerSlamTime,getInteger,literal,item,net/narutomod/item/ItemKabutowariHammer.java,70,"""KabutowariHammerSlamTime"""
KabutowariHammerSlamTime,setInteger,literal,item,net/narutomod/item/ItemKabutowariHammer.java,72,"""KabutowariHammerSlamTime"""
KabutowariHammerSlamTime,removeTag,literal,item,net/narutomod/item/ItemKabutowariHammer.java,74,"""KabutowariHammerSlamTime"""
KabutowariHammerSlamTime,getInteger,literal,item,net/narutomod/item/ItemKabutowariHammer.java,81,"""KabutowariHammerSlamTime"""
KabutowariHammerSlamTime,setInteger,literal,item,net/narutomod/item/ItemKabutowariHammer.java,85,"""KabutowariHammerSlamTime"""
KageBunshinEntityId,getIntArray,NarutomodModVariables.ID_KEY,entity,net/narutomod/entity/EntityKageBunshin.java,246,ID_KEY
KageBunshinEntityId,setIntArray,NarutomodModVariables.ID_KEY,entity,net/narutomod/entity/EntityKageBunshin.java,276,ID_KEY
KageBunshinEntityId,getIntArray,NarutomodModVariables.ID_KEY,entity,net/narutomod/entity/EntityKageBunshin.java,282,ID_KEY
LavaChakraModeEntityId,setInteger,NarutomodModVariables.LCMEntityIdKey,entity,net/narutomod/entity/EntityLavaChakraMode.java,80,LCMEntityIdKey
LavaChakraModeEntityId,removeTag,NarutomodModVariables.LCMEntityIdKey,entity,net/narutomod/entity/EntityLavaChakraMode.java,107,LCMEntityIdKey
LavaChakraModeEntityId,getInteger,NarutomodModVariables.LCMEntityIdKey,entity,net/narutomod/entity/EntityLavaChakraMode.java,159,LCMEntityIdKey
LimboCloneEntityIds,setIntArray,NarutomodModVariables.ID_KEY,entity,net/narutomod/entity/EntityLimboClone.java,189,ID_KEY
LimboCloneEntityIds,getIntArray,NarutomodModVariables.ID_KEY,entity,net/narutomod/entity/EntityLimboClone.java,198,ID_KEY
MindTransferEntityIdKey,removeTag,NarutomodModVariables.ECENTITYID,entity,net/narutomod/entity/EntityMindTransfer.java,101,Jutsu.ECENTITYID
MindTransferEntityIdKey,getInteger,NarutomodModVariables.ECENTITYID,entity,net/narutomod/entity/EntityMindTransfer.java,229,ECENTITYID
MindTransferEntityIdKey,setInteger,NarutomodModVariables.ECENTITYID,entity,net/narutomod/entity/EntityMindTransfer.java,237,ECENTITYID
MindTransferEntityIdKey,getInteger,NarutomodModVariables.ECENTITYID,entity,net/narutomod/entity/EntityMindTransfer.java,250,Jutsu.ECENTITYID
NuibariSkeweredTime,getInteger,NarutomodModVariables.SKEWERED_TIME,item,net/narutomod/item/ItemNuibariSword.java,366,SKEWERED_TIME
NuibariSkeweredTime,setInteger,NarutomodModVariables.SKEWERED_TIME,item,net/narutomod/item/ItemNuibariSword.java,369,SKEWERED_TIME
NuibariSkeweredTime,removeTag,NarutomodModVariables.SKEWERED_TIME,item,net/narutomod/item/ItemNuibariSword.java,381,SKEWERED_TIME
OriginalGameMode,setInteger,literal,entity,net/narutomod/entity/EntityJinchurikiClone.java,75,"""OriginalGameMode"""
OriginalGameMode,getInteger,literal,entity,net/narutomod/entity/EntityJinchurikiClone.java,129,"""OriginalGameMode"""
PlayerRenderTransparent,getBoolean,NarutomodModVariables.PLAYERTRANSPARENT,PlayerRender.java,net/narutomod/PlayerRender.java,130,PLAYERTRANSPARENT
ShadowImitationEntityIdKey,getIntArray,NarutomodModVariables.ECENTITYID,entity,net/narutomod/entity/EntityShadowImitation.java,205,ECENTITYID
ShadowImitationEntityIdKey,setIntArray,NarutomodModVariables.ECENTITYID,entity,net/narutomod/entity/EntityShadowImitation.java,214,ECENTITYID
ShadowImitationEntityIdKey,getIntArray,NarutomodModVariables.ECENTITYID,entity,net/narutomod/entity/EntityShadowImitation.java,235,ECENTITYID
ShadowImitationEntityIdKey,setIntArray,NarutomodModVariables.ECENTITYID,entity,net/narutomod/entity/EntityShadowImitation.java,243,ECENTITYID
ShadowImitationEntityIdKey,removeTag,NarutomodModVariables.ECENTITYID,entity,net/narutomod/entity/EntityShadowImitation.java,245,ECENTITYID
ShadowImitationEntityIdKey,getIntArray,NarutomodModVariables.ECENTITYID,entity,net/narutomod/entity/EntityShadowImitation.java,269,Jutsu.ECENTITYID
ShadowImitationEntityIdKey,removeTag,NarutomodModVariables.ECENTITYID,entity,net/narutomod/entity/EntityShadowImitation.java,277,Jutsu.ECENTITYID
SkinCloningRenderTargetLayers,getBoolean,NarutomodModVariables.CLONETARGETLAYERS,PlayerRender.java,net/narutomod/PlayerRender.java,217,CLONETARGETLAYERS
SkinCloningTargetId,hasKey,NarutomodModVariables.CLONETARGETID,PlayerRender.java,net/narutomod/PlayerRender.java,116,CLONETARGETID
SkinCloningTargetId,hasKey,NarutomodModVariables.CLONETARGETID,PlayerRender.java,net/narutomod/PlayerRender.java,284,CLONETARGETID
SkinCloningTargetId,getInteger,NarutomodModVariables.CLONETARGETID,PlayerRender.java,net/narutomod/PlayerRender.java,285,CLONETARGETID
SkinCloningTargetId,removeTag,NarutomodModVariables.CLONETARGETID,PlayerRender.java,net/narutomod/PlayerRender.java,289,CLONETARGETID
SkinColorMultiplier,hasKey,NarutomodModVariables.COLORMULTIPLIER,PlayerRender.java,net/narutomod/PlayerRender.java,144,COLORMULTIPLIER
SkinColorMultiplier,getInteger,NarutomodModVariables.COLORMULTIPLIER,PlayerRender.java,net/narutomod/PlayerRender.java,144,COLORMULTIPLIER
TempData_disableKnockback,setBoolean,literal,entity,net/narutomod/entity/EntityWoodArm.java,100,"""TempData_disableKnockback"""
TempData_disableKnockback,setBoolean,literal,item,net/narutomod/item/ItemNuibariSword.java,275,"""TempData_disableKnockback"""
TempData_disableKnockback,getBoolean,literal,item,net/narutomod/item/ItemNuibariSword.java,454,"""TempData_disableKnockback"""
TempData_disableKnockback,removeTag,literal,item,net/narutomod/item/ItemNuibariSword.java,456,"""TempData_disableKnockback"""
TransformationEntityIdKey,removeTag,NarutomodModVariables.ECENTITYID,entity,net/narutomod/entity/EntityTransformationJutsu.java,82,Jutsu.ECENTITYID
TransformationEntityIdKey,getInteger,NarutomodModVariables.ECENTITYID,entity,net/narutomod/entity/EntityTransformationJutsu.java,166,ECENTITYID
TransformationEntityIdKey,setInteger,NarutomodModVariables.ECENTITYID,entity,net/narutomod/entity/EntityTransformationJutsu.java,174,ECENTITYID
WaterShockwaveEntityIdKey,getInteger,NarutomodModVariables.ID_KEY,entity,net/narutomod/entity/EntityWaterShockwave.java,230,ID_KEY
WaterShockwaveEntityIdKey,setInteger,NarutomodModVariables.ID_KEY,entity,net/narutomod/entity/EntityWaterShockwave.java,236,ID_KEY
WearingBijuCloakTicks,setInteger,literal,item,net/narutomod/item/ItemBijuCloak.java,331,"""WearingBijuCloakTicks"""
WearingBijuCloakTicks,getInteger,literal,item,net/narutomod/item/ItemBijuCloak.java,336,"""WearingBijuCloakTicks"""
amaterasu_active,getBoolean,literal,item,net/narutomod/item/ItemMangekyoSharingan.java,57,"""amaterasu_active"""
amaterasu_active,setBoolean,literal,procedure,net/narutomod/procedure/ProcedureAmaterasu.java,68,"""amaterasu_active"""
amaterasu_active,getBoolean,literal,procedure,net/narutomod/procedure/ProcedureAmaterasu.java,78,"""amaterasu_active"""
amaterasu_active,setBoolean,literal,procedure,net/narutomod/procedure/ProcedureAmaterasu.java,86,"""amaterasu_active"""
amaterasu_active,getBoolean,literal,procedure,net/narutomod/procedure/ProcedureAmaterasu.java,135,"""amaterasu_active"""
amaterasu_active,setBoolean,literal,procedure,net/narutomod/procedure/ProcedureAmaterasu.java,143,"""amaterasu_active"""
amaterasu_cd,getDouble,literal,procedure,net/narutomod/procedure/ProcedureAmaterasu.java,71,"""amaterasu_cd"""
amaterasu_cd,setDouble,literal,procedure,net/narutomod/procedure/ProcedureAmaterasu.java,90,"""amaterasu_cd"""
battle_experience,getDouble,NarutomodModVariables.BATTLEXP,PlayerTracker.java,net/narutomod/PlayerTracker.java,55,BATTLEXP
battle_experience,getDouble,NarutomodModVariables.BATTLEXP,PlayerTracker.java,net/narutomod/PlayerTracker.java,59,BATTLEXP
battle_experience,setDouble,NarutomodModVariables.BATTLEXP,PlayerTracker.java,net/narutomod/PlayerTracker.java,67,BATTLEXP
battle_experience,setDouble,NarutomodModVariables.BATTLEXP,PlayerTracker.java,net/narutomod/PlayerTracker.java,113,BATTLEXP
battle_experience,setDouble,NarutomodModVariables.BATTLEXP,PlayerTracker.java,net/narutomod/PlayerTracker.java,267,BATTLEXP
battle_experience,getDouble,NarutomodModVariables.BATTLEXP,procedure,net/narutomod/procedure/ProcedureOnPlayerPostTick.java,93,(NarutomodModVariables.BATTLEXP)
battle_experience,getDouble,NarutomodModVariables.BATTLEXP,procedure,net/narutomod/procedure/ProcedureOnPlayerPostTick.java,384,(NarutomodModVariables.BATTLEXP)
battle_experience,getDouble,NarutomodModVariables.BATTLEXP,procedure,net/narutomod/procedure/ProcedureSharinganHelmetTickEvent.java,95,(NarutomodModVariables.BATTLEXP)
battle_experience,getDouble,NarutomodModVariables.BATTLEXP,procedure,net/narutomod/procedure/ProcedureSharinganHelmetTickEvent.java,144,(NarutomodModVariables.BATTLEXP)
byakugan_activated,getBoolean,literal,procedure,net/narutomod/procedure/ProcedureByakuganActivate.java,56,"""byakugan_activated"""
byakugan_activated,setBoolean,literal,procedure,net/narutomod/procedure/ProcedureByakuganActivate.java,61,"""byakugan_activated"""
byakugan_activated,setBoolean,literal,procedure,net/narutomod/procedure/ProcedureByakuganActivate.java,68,"""byakugan_activated"""
byakugan_activated,getBoolean,literal,procedure,net/narutomod/procedure/ProcedureByakuganHelmetTickEvent.java,54,"""byakugan_activated"""
byakugan_activated,getBoolean,literal,procedure,net/narutomod/procedure/ProcedurePowerIncreaseOnKeyPressed.java,63,"""byakugan_activated"""
byakugan_fov,setDouble,literal,procedure,net/narutomod/procedure/ProcedureByakuganActivate.java,62,"""byakugan_fov"""
byakugan_fov,getDouble,literal,procedure,net/narutomod/procedure/ProcedureByakuganHelmetTickEvent.java,55,"""byakugan_fov"""
byakugan_fov,setDouble,literal,procedure,net/narutomod/procedure/ProcedureByakuganHelmetTickEvent.java,58,"""byakugan_fov"""
byakugan_fov,setDouble,literal,procedure,net/narutomod/procedure/ProcedurePowerIncreaseOnKeyPressed.java,65,"""byakugan_fov"""
byakugan_fov,getDouble,literal,procedure,net/narutomod/procedure/ProcedurePowerIncreaseOnKeyPressed.java,65,"""byakugan_fov"""
byakugan_fov,getDouble,literal,procedure,net/narutomod/procedure/ProcedurePowerIncreaseOnKeyPressed.java,66,"""byakugan_fov"""
chibakutensei_active,setBoolean,literal,entity,net/narutomod/entity/EntityChibakuTenseiBall.java,96,"""chibakutensei_active"""
chibakutensei_active,setBoolean,literal,entity,net/narutomod/entity/EntityChibakuTenseiBall.java,125,"""chibakutensei_active"""
chibakutensei_active,getBoolean,literal,procedure,net/narutomod/procedure/ProcedureRinneganHelmetTickEvent.java,190,"""chibakutensei_active"""
chibakutenseicd,getLong,literal,procedure,net/narutomod/procedure/ProcedureChibakutenseiOnKeyPressed.java,58,"""chibakutenseicd"""
chibakutenseicd,setLong,literal,procedure,net/narutomod/procedure/ProcedureChibakutenseiOnKeyPressed.java,59,"""chibakutenseicd"""
chibakutenseicd,getLong,literal,procedure,net/narutomod/procedure/ProcedureChibakutenseiOnKeyPressed.java,76,"""chibakutenseicd"""
deathAnimationTime,setDouble,NarutomodModVariables.DeathAnimationTime,item,net/narutomod/item/ItemAshBones.java,187,NarutomodModVariables.DeathAnimationTime
deathAnimationTime,getDouble,NarutomodModVariables.DeathAnimationTime,procedure,net/narutomod/procedure/ProcedureDeathAnimations.java,39,(NarutomodModVariables.DeathAnimationTime)
deathAnimationTime,getDouble,NarutomodModVariables.DeathAnimationTime,procedure,net/narutomod/procedure/ProcedureOnLivingUpdate.java,138,NarutomodModVariables.DeathAnimationTime
deathAnimationTime,setDouble,NarutomodModVariables.DeathAnimationTime,procedure,net/narutomod/procedure/ProcedureOnLivingUpdate.java,146,NarutomodModVariables.DeathAnimationTime
deathAnimationTime,getDouble,NarutomodModVariables.DeathAnimationTime,procedure,net/narutomod/procedure/ProcedureOnLivingUpdate.java,146,NarutomodModVariables.DeathAnimationTime
deathAnimationTime,getDouble,NarutomodModVariables.DeathAnimationTime,procedure,net/narutomod/procedure/ProcedureOnLivingUpdate.java,147,NarutomodModVariables.DeathAnimationTime
deathAnimationTime,setDouble,NarutomodModVariables.DeathAnimationTime,procedure,net/narutomod/procedure/ProcedureUtils.java,793,NarutomodModVariables.DeathAnimationTime
deathAnimationType,getDouble,literal,item,net/narutomod/item/ItemAshBones.java,185,"""deathAnimationType"""
deathAnimationType,setDouble,literal,item,net/narutomod/item/ItemAshBones.java,186,"""deathAnimationType"""
deathAnimationType,getDouble,literal,procedure,net/narutomod/procedure/ProcedureDeathAnimations.java,35,"""deathAnimationType"""
deathAnimationType,getDouble,literal,procedure,net/narutomod/procedure/ProcedureDeathAnimations.java,42,"""deathAnimationType"""
deathAnimationType,getDouble,literal,procedure,net/narutomod/procedure/ProcedureOnLivingUpdate.java,148,"""deathAnimationType"""
deathAnimationType,getDouble,literal,procedure,net/narutomod/procedure/ProcedureUtils.java,791,"""deathAnimationType"""
deathAnimationType,setDouble,literal,procedure,net/narutomod/procedure/ProcedureUtils.java,792,"""deathAnimationType"""
entityModelScale,setDouble,literal,entity,net/narutomod/entity/EntitySusanooClothed.java,91,"""entityModelScale"""
entityModelScale,setDouble,literal,entity,net/narutomod/entity/EntitySusanooClothed.java,100,"""entityModelScale"""
entityModelScale,setDouble,literal,entity,net/narutomod/entity/EntitySusanooWinged.java,91,"""entityModelScale"""
entityModelScale,setDouble,literal,entity,net/narutomod/entity/EntitySusanooWinged.java,108,"""entityModelScale"""
entityModelScale,getDouble,literal,item,net/narutomod/item/ItemKamuiShuriken.java,102,"""entityModelScale"""
entityModelScale,getDouble,literal,item,net/narutomod/item/ItemShuriken.java,121,"""entityModelScale"""
entityModelScale,getDouble,literal,procedure,net/narutomod/procedure/ProcedureKagutsuchiSwordToolInUseTick.java,59,"""entityModelScale"""
invulnerableTime,setDouble,NarutomodModVariables.InvulnerableTime,entity,net/narutomod/entity/EntityChibakuTenseiBall.java,324,NarutomodModVariables.InvulnerableTime
invulnerableTime,setDouble,NarutomodModVariables.InvulnerableTime,entity,net/narutomod/entity/EntityMindTransfer.java,201,NarutomodModVariables.InvulnerableTime
invulnerableTime,setDouble,NarutomodModVariables.InvulnerableTime,entity,net/narutomod/entity/EntityTailedBeast.java,766,NarutomodModVariables.InvulnerableTime
invulnerableTime,setDouble,NarutomodModVariables.InvulnerableTime,entity,net/narutomod/entity/EntityTransformationJutsu.java,139,NarutomodModVariables.InvulnerableTime
invulnerableTime,setDouble,NarutomodModVariables.InvulnerableTime,entity,net/narutomod/entity/EntityTruthSeekerBall.java,273,NarutomodModVariables.InvulnerableTime
invulnerableTime,setDouble,NarutomodModVariables.InvulnerableTime,item,net/narutomod/item/ItemEightGates.java,496,NarutomodModVariables.InvulnerableTime
invulnerableTime,setDouble,NarutomodModVariables.InvulnerableTime,item,net/narutomod/item/ItemEightGates.java,724,NarutomodModVariables.InvulnerableTime
invulnerableTime,setDouble,NarutomodModVariables.InvulnerableTime,item,net/narutomod/item/ItemEightGates.java,781,NarutomodModVariables.InvulnerableTime
invulnerableTime,setDouble,NarutomodModVariables.InvulnerableTime,item,net/narutomod/item/ItemKaton.java,292,NarutomodModVariables.InvulnerableTime
invulnerableTime,setDouble,NarutomodModVariables.InvulnerableTime,item,net/narutomod/item/ItemMangekyoSharinganObito.java,80,NarutomodModVariables.InvulnerableTime
invulnerableTime,setDouble,NarutomodModVariables.InvulnerableTime,item,net/narutomod/item/ItemYooton.java,168,NarutomodModVariables.InvulnerableTime
invulnerableTime,getDouble,NarutomodModVariables.InvulnerableTime,procedure,net/narutomod/procedure/ProcedureOnLivingUpdate.java,155,NarutomodModVariables.InvulnerableTime
invulnerableTime,setDouble,NarutomodModVariables.InvulnerableTime,procedure,net/narutomod/procedure/ProcedureOnLivingUpdate.java,156,NarutomodModVariables.InvulnerableTime
invulnerableTime,getDouble,NarutomodModVariables.InvulnerableTime,procedure,net/narutomod/procedure/ProcedureOnLivingUpdate.java,156,NarutomodModVariables.InvulnerableTime
invulnerableTime,setDouble,NarutomodModVariables.InvulnerableTime,procedure,net/narutomod/procedure/ProcedureOuterPath.java,87,(NarutomodModVariables.InvulnerableTime)
invulnerableTime,setDouble,NarutomodModVariables.InvulnerableTime,procedure,net/narutomod/procedure/ProcedureShinratenseiOnKeyPressed.java,89,(NarutomodModVariables.InvulnerableTime)
invulnerableTime,getDouble,NarutomodModVariables.InvulnerableTime,procedure,net/narutomod/procedure/ProcedureWhenPlayerAttcked.java,80,NarutomodModVariables.InvulnerableTime
kamui_intangible,getBoolean,literal,entity,net/narutomod/entity/EntitySandBind.java,114,"""kamui_intangible"""
kamui_intangible,getBoolean,literal,item,net/narutomod/item/ItemJutsu.java,67,"""kamui_intangible"""
kamui_intangible,getBoolean,literal,item,net/narutomod/item/ItemMangekyoSharinganEternal.java,58,"""kamui_intangible"""
kamui_intangible,getBoolean,literal,item,net/narutomod/item/ItemMangekyoSharinganObito.java,78,"""kamui_intangible"""
kamui_intangible,getBoolean,literal,procedure,net/narutomod/procedure/ProcedureAoeCommand.java,41,"""kamui_intangible"""
kamui_intangible,setBoolean,literal,procedure,net/narutomod/procedure/ProcedureKamuiJikukanIdo.java,100,"""kamui_intangible"""
kamui_intangible,getBoolean,literal,procedure,net/narutomod/procedure/ProcedureKamuiJikukanIdo.java,106,"""kamui_intangible"""
kamui_intangible,setBoolean,literal,procedure,net/narutomod/procedure/ProcedureKamuiJikukanIdo.java,108,"""kamui_intangible"""
kamui_teleport,getBoolean,literal,item,net/narutomod/item/ItemMangekyoSharinganEternal.java,55,"""kamui_teleport"""
kamui_teleport,getBoolean,literal,item,net/narutomod/item/ItemMangekyoSharinganObito.java,69,"""kamui_teleport"""
kamui_teleport,getBoolean,literal,item,net/narutomod/item/ItemMangekyoSharinganObito.java,75,"""kamui_teleport"""
kamui_teleport,getBoolean,literal,procedure,net/narutomod/procedure/ProcedureKamuiJikukanIdo.java,72,"""kamui_teleport"""
kamui_teleport,setBoolean,literal,procedure,net/narutomod/procedure/ProcedureKamuiJikukanIdo.java,74,"""kamui_teleport"""
kamui_teleport,getBoolean,literal,procedure,net/narutomod/procedure/ProcedureKamuiJikukanIdo.java,81,"""kamui_teleport"""
kamui_teleport,setBoolean,literal,procedure,net/narutomod/procedure/ProcedureKamuiJikukanIdo.java,83,"""kamui_teleport"""
kamui_teleport,setBoolean,literal,procedure,net/narutomod/procedure/ProcedureKamuiJikukanIdo.java,124,"""kamui_teleport"""
kamui_teleport,getBoolean,literal,procedure,net/narutomod/procedure/ProcedureKamuiJikukanIdo.java,138,"""kamui_teleport"""
kamui_teleport,setBoolean,literal,procedure,net/narutomod/procedure/ProcedureKamuiJikukanIdo.java,139,"""kamui_teleport"""
kamui_timer,getDouble,literal,procedure,net/narutomod/procedure/ProcedureKamuiJikukanIdo.java,78,"""kamui_timer"""
kamui_timer,setDouble,literal,procedure,net/narutomod/procedure/ProcedureKamuiJikukanIdo.java,166,"""kamui_timer"""
lastOverworldY,setDouble,literal,procedure,net/narutomod/procedure/ProcedureKamuiTeleportEntity.java,56,"""lastOverworldY"""
lastOverworldY,setDouble,literal,procedure,net/narutomod/procedure/ProcedureKamuiTeleportEntity.java,59,"""lastOverworldY"""
lastOverworldY,getDouble,literal,procedure,net/narutomod/procedure/ProcedureKamuiTeleportEntity.java,63,"""lastOverworldY"""
lastOverworldY,setDouble,literal,procedure,net/narutomod/procedure/ProcedureKamuiTeleportEntity.java,69,"""lastOverworldY"""
lastOverworldY,setDouble,literal,procedure,net/narutomod/procedure/ProcedureKamuiTeleportEntity.java,71,"""lastOverworldY"""
lastOverworldY,getDouble,literal,procedure,net/narutomod/procedure/ProcedureKamuiTeleportEntity.java,77,"""lastOverworldY"""
lastWornForeignDojutsu,getUniqueId,literal,item,net/narutomod/item/ItemDojutsu.java,45,"""lastWornForeignDojutsu"""
lastWornForeignDojutsu,setUniqueId,literal,item,net/narutomod/item/ItemDojutsu.java,47,"""lastWornForeignDojutsu"""
mostRecentlyHadAnyDojutsu,setLong,NarutomodModVariables.MostRecentWornDojutsuTime,item,net/narutomod/item/ItemDojutsu.java,50,NarutomodModVariables.MostRecentWornDojutsuTime
mostRecentlyHadAnyDojutsu,getLong,NarutomodModVariables.MostRecentWornDojutsuTime,item,net/narutomod/item/ItemDojutsu.java,95,NarutomodModVariables.MostRecentWornDojutsuTime
mostRecentlyHadAnyDojutsu,getLong,NarutomodModVariables.MostRecentWornDojutsuTime,procedure,net/narutomod/procedure/ProcedureOnPlayerPostTick.java,377,NarutomodModVariables.MostRecentWornDojutsuTime
mostRecentlyHadAnyDojutsu,setLong,NarutomodModVariables.MostRecentWornDojutsuTime,procedure,net/narutomod/procedure/ProcedureOnPlayerPostTick.java,1052,NarutomodModVariables.MostRecentWornDojutsuTime
noClipFlag,getByte,NarutomodModVariables.noClipFlag,procedure,net/narutomod/procedure/ProcedureOnLivingUpdate.java,56,NarutomodModVariables.noClipFlag
noClipFlag,getByte,NarutomodModVariables.noClipFlag,procedure,net/narutomod/procedure/ProcedureOnLivingUpdate.java,60,NarutomodModVariables.noClipFlag
noClipFlag,setByte,NarutomodModVariables.noClipFlag,procedure,net/narutomod/procedure/ProcedureOnLivingUpdate.java,71,NarutomodModVariables.noClipFlag
noClipFlag,setByte,NarutomodModVariables.noClipFlag,procedure,net/narutomod/procedure/ProcedureOnLivingUpdate.java,98,NarutomodModVariables.noClipFlag
noClipFlag,hasKey,NarutomodModVariables.noClipFlag,procedure,net/narutomod/procedure/ProcedureOnLivingUpdate.java,126,NarutomodModVariables.noClipFlag
pressDuration,getInteger,literal,procedure,net/narutomod/procedure/ProcedureAirPunch.java,44,"""pressDuration"""
pressDuration,setInteger,literal,procedure,net/narutomod/procedure/ProcedureAirPunch.java,48,"""pressDuration"""
press_time,getDouble,literal,procedure,net/narutomod/procedure/ProcedureGravityPower.java,92,"""press_time"""
press_time,setDouble,literal,procedure,net/narutomod/procedure/ProcedureGravityPower.java,94,"""press_time"""
press_time,setDouble,literal,procedure,net/narutomod/procedure/ProcedureGravityPower.java,96,"""press_time"""
press_time,getDouble,literal,procedure,net/narutomod/procedure/ProcedureHakkeshoKaiten.java,50,"""press_time"""
press_time,setDouble,literal,procedure,net/narutomod/procedure/ProcedureHakkeshoKaiten.java,53,"""press_time"""
press_time,setDouble,literal,procedure,net/narutomod/procedure/ProcedureHakkeshoKaiten.java,70,"""press_time"""
shinratensei_power,getDouble,literal,procedure,net/narutomod/procedure/ProcedureShinratenseiOnKeyPressed.java,67,"""shinratensei_power"""
shinratensei_power,setDouble,literal,procedure,net/narutomod/procedure/ProcedureShinratenseiOnKeyPressed.java,119,"""shinratensei_power"""
shinratenseicd,getDouble,literal,procedure,net/narutomod/procedure/ProcedureShinratenseiOnKeyPressed.java,65,"""shinratenseicd"""
shinratenseicd,getDouble,literal,procedure,net/narutomod/procedure/ProcedureShinratenseiOnKeyPressed.java,66,"""shinratenseicd"""
shinratenseicd,setDouble,literal,procedure,net/narutomod/procedure/ProcedureShinratenseiOnKeyPressed.java,114,"""shinratenseicd"""
shinratenseicd,getDouble,literal,procedure,net/narutomod/procedure/ProcedureShinratenseiOnKeyPressed.java,125,"""shinratenseicd"""
summonedSusanooID,getInteger,NarutomodModVariables.SUMMONED_SUSANOO,procedure,net/narutomod/procedure/ProcedureSusanoo.java,50,SUMMONED_SUSANOO
summonedSusanooID,setInteger,NarutomodModVariables.SUMMONED_SUSANOO,procedure,net/narutomod/procedure/ProcedureSusanoo.java,67,SUMMONED_SUSANOO
summonedSusanooID,setInteger,NarutomodModVariables.SUMMONED_SUSANOO,procedure,net/narutomod/procedure/ProcedureSusanoo.java,95,SUMMONED_SUSANOO
summonedSusanooID,setInteger,NarutomodModVariables.SUMMONED_SUSANOO,procedure,net/narutomod/procedure/ProcedureSusanoo.java,133,SUMMONED_SUSANOO
summonedSusanooID,setInteger,NarutomodModVariables.SUMMONED_SUSANOO,procedure,net/narutomod/procedure/ProcedureSusanoo.java,142,SUMMONED_SUSANOO
summonedSusanooID,setInteger,NarutomodModVariables.SUMMONED_SUSANOO,procedure,net/narutomod/procedure/ProcedureSusanoo.java,149,SUMMONED_SUSANOO
susanoo_activated,getBoolean,literal,item,net/narutomod/item/ItemMangekyoSharingan.java,57,"""susanoo_activated"""
susanoo_activated,getBoolean,literal,item,net/narutomod/item/ItemMangekyoSharinganObito.java,69,"""susanoo_activated"""
susanoo_activated,setBoolean,literal,procedure,net/narutomod/procedure/ProcedureOnPlayerDeath.java,185,"""susanoo_activated"""
susanoo_activated,getBoolean,literal,procedure,net/narutomod/procedure/ProcedureOnPlayerPostTick.java,347,"""susanoo_activated"""
susanoo_activated,getBoolean,literal,procedure,net/narutomod/procedure/ProcedureOnPlayerPostTick.java,369,"""susanoo_activated"""
susanoo_activated,getBoolean,literal,procedure,net/narutomod/procedure/ProcedureSharinganHelmetTickEvent.java,117,"""susanoo_activated"""
susanoo_activated,getBoolean,literal,procedure,net/narutomod/procedure/ProcedureSharinganHelmetTickEvent.java,185,"""susanoo_activated"""
susanoo_activated,getBoolean,literal,procedure,net/narutomod/procedure/ProcedureSusanoo.java,57,"""susanoo_activated"""
susanoo_activated,setBoolean,literal,procedure,net/narutomod/procedure/ProcedureSusanoo.java,63,"""susanoo_activated"""
susanoo_activated,setBoolean,literal,procedure,net/narutomod/procedure/ProcedureSusanoo.java,92,"""susanoo_activated"""
susanoo_activated,getBoolean,literal,procedure,net/narutomod/procedure/ProcedureSusanoo.java,158,"""susanoo_activated"""
susanoo_cd,setDouble,literal,procedure,net/narutomod/procedure/ProcedureSusanoo.java,64,"""susanoo_cd"""
susanoo_ticks,getDouble,literal,procedure,net/narutomod/procedure/ProcedureSusanoo.java,89,"""susanoo_ticks"""
susanoo_ticks,setDouble,literal,procedure,net/narutomod/procedure/ProcedureSusanoo.java,93,"""susanoo_ticks"""
susanoo_ticks,setDouble,literal,procedure,net/narutomod/procedure/ProcedureSusanooSkeletonBodyTickEvent.java,33,"""susanoo_ticks"""
susanoo_ticks,getDouble,literal,procedure,net/narutomod/procedure/ProcedureSusanooSkeletonBodyTickEvent.java,33,"""susanoo_ticks"""
susanoo_ticks,getDouble,literal,procedure,net/narutomod/procedure/ProcedureSusanooSkeletonBodyTickEvent.java,40,"""susanoo_ticks"""
temporaryDisableAI,getBoolean,literal,procedure,net/narutomod/procedure/ProcedureParalysisOnPotionActiveTick.java,58,"""temporaryDisableAI"""
temporaryDisableAI,setBoolean,literal,procedure,net/narutomod/procedure/ProcedureParalysisOnPotionActiveTick.java,61,"""temporaryDisableAI"""
temporaryDisableAI,getBoolean,literal,procedure,net/narutomod/procedure/ProcedureParalysisPotionExpires.java,22,"""temporaryDisableAI"""
temporaryDisableAI,setBoolean,literal,procedure,net/narutomod/procedure/ProcedureParalysisPotionExpires.java,24,"""temporaryDisableAI"""
was_pressed,getBoolean,literal,procedure,net/narutomod/procedure/ProcedureShinratenseiOnKeyPressed.java,71,"""was_pressed"""
was_pressed,setBoolean,literal,procedure,net/narutomod/procedure/ProcedureShinratenseiOnKeyPressed.java,84,"""was_pressed"""
was_pressed,getBoolean,literal,procedure,net/narutomod/procedure/ProcedureShinratenseiOnKeyPressed.java,86,"""was_pressed"""
was_pressed,setBoolean,literal,procedure,net/narutomod/procedure/ProcedureShinratenseiOnKeyPressed.java,87,"""was_pressed"""
