file,class_name,part,line,arg
net/narutomod/entity/EntityBeamBase.java,Model,bone,228,(int)(16f * length)
net/narutomod/entity/EntityBeamBase.java,Model,bone,229,(int)(16f * length)
net/narutomod/entity/EntityBuddha1000.java,ModelWoodFist,arm,597,len
net/narutomod/entity/EntityClone.java,ModelClone,bipedLeftArm,798,modelSize
net/narutomod/entity/EntityClone.java,ModelClone,bipedLeftArm,799,modelSize + 0.25F
net/narutomod/entity/EntityClone.java,ModelClone,bipedLeftArm,815,modelSize
net/narutomod/entity/EntityClone.java,ModelClone,bipedLeftArm,816,modelSize + 0.25F
net/narutomod/entity/EntityClone.java,ModelClone,bipedRightArm,803,modelSize
net/narutomod/entity/EntityClone.java,ModelClone,bipedRightArm,804,modelSize + 0.25F
net/narutomod/entity/EntityClone.java,ModelClone,bipedRightArm,823,modelSize
net/narutomod/entity/EntityClone.java,ModelClone,bipedRightArm,824,modelSize + 0.25F
net/narutomod/entity/EntityClone.java,ModelClone,bipedLeftLeg,833,modelSize
net/narutomod/entity/EntityClone.java,ModelClone,bipedLeftLeg,834,modelSize + 0.25F
net/narutomod/entity/EntityClone.java,ModelClone,bipedRightLeg,840,modelSize
net/narutomod/entity/EntityClone.java,ModelClone,bipedRightLeg,841,modelSize + 0.25F
net/narutomod/entity/EntityClone.java,ModelClone,bipedBody,847,modelSize
net/narutomod/entity/EntityClone.java,ModelClone,bipedBody,848,modelSize + 0.25F
net/narutomod/entity/EntitySandLevitation.java,ModelSandCloud,bb_main,302,rand.nextInt(13)
net/narutomod/entity/EntitySandLevitation.java,ModelSandCloud,bb_main,302,rand.nextInt(15)
net/narutomod/entity/EntitySandLevitation.java,ModelSandCloud,bb_main,303,rand.nextInt(13)
net/narutomod/entity/EntitySandLevitation.java,ModelSandCloud,bb_main,303,rand.nextInt(15)
net/narutomod/entity/EntitySandLevitation.java,ModelSandCloud,bb_main,304,rand.nextInt(13)
net/narutomod/entity/EntitySandLevitation.java,ModelSandCloud,bb_main,304,rand.nextInt(15)
net/narutomod/entity/EntitySandLevitation.java,ModelSandCloud,bb_main,305,rand.nextInt(13)
net/narutomod/entity/EntitySandLevitation.java,ModelSandCloud,bb_main,305,rand.nextInt(15)
net/narutomod/entity/EntitySandLevitation.java,ModelSandCloud,bb_main,306,rand.nextInt(13)
net/narutomod/entity/EntitySandLevitation.java,ModelSandCloud,bb_main,306,rand.nextInt(15)
net/narutomod/entity/EntitySandLevitation.java,ModelSandCloud,bb_main,307,rand.nextInt(13)
net/narutomod/entity/EntitySandLevitation.java,ModelSandCloud,bb_main,307,rand.nextInt(15)
net/narutomod/entity/EntitySandLevitation.java,ModelSandCloud,bb_main,308,rand.nextInt(13)
net/narutomod/entity/EntitySandLevitation.java,ModelSandCloud,bb_main,308,rand.nextInt(15)
net/narutomod/entity/EntitySandLevitation.java,ModelSandCloud,bb_main,309,rand.nextInt(13)
net/narutomod/entity/EntitySandLevitation.java,ModelSandCloud,bb_main,309,rand.nextInt(15)
net/narutomod/entity/EntitySandLevitation.java,ModelSandCloud,bb_main,310,rand.nextInt(13)
net/narutomod/entity/EntitySandLevitation.java,ModelSandCloud,bb_main,310,rand.nextInt(15)
net/narutomod/entity/EntitySandLevitation.java,ModelSandCloud,bb_main,311,rand.nextInt(13)
net/narutomod/entity/EntitySandLevitation.java,ModelSandCloud,bb_main,311,rand.nextInt(15)
net/narutomod/entity/EntitySandLevitation.java,ModelSandCloud,bb_main,312,rand.nextInt(13)
net/narutomod/entity/EntitySandLevitation.java,ModelSandCloud,bb_main,312,rand.nextInt(15)
net/narutomod/entity/EntitySandLevitation.java,ModelSandCloud,bb_main,313,rand.nextInt(13)
net/narutomod/entity/EntitySandLevitation.java,ModelSandCloud,bb_main,313,rand.nextInt(15)
net/narutomod/entity/EntitySandLevitation.java,ModelSandCloud,bb_main,314,rand.nextInt(13)
net/narutomod/entity/EntitySandLevitation.java,ModelSandCloud,bb_main,314,rand.nextInt(15)
net/narutomod/entity/EntitySandLevitation.java,ModelSandCloud,bb_main,315,rand.nextInt(13)
net/narutomod/entity/EntitySandLevitation.java,ModelSandCloud,bb_main,315,rand.nextInt(15)
net/narutomod/entity/EntitySandLevitation.java,ModelSandCloud,bb_main,316,rand.nextInt(13)
net/narutomod/entity/EntitySandLevitation.java,ModelSandCloud,bb_main,316,rand.nextInt(15)
net/narutomod/entity/EntitySandLevitation.java,ModelSandCloud,bb_main,317,rand.nextInt(13)
net/narutomod/entity/EntitySandLevitation.java,ModelSandCloud,bb_main,317,rand.nextInt(15)
net/narutomod/entity/EntitySandLevitation.java,ModelSandCloud,bb_main,318,rand.nextInt(13)
net/narutomod/entity/EntitySandLevitation.java,ModelSandCloud,bb_main,318,rand.nextInt(15)
net/narutomod/entity/EntitySandLevitation.java,ModelSandCloud,bb_main,319,rand.nextInt(13)
net/narutomod/entity/EntitySandLevitation.java,ModelSandCloud,bb_main,319,rand.nextInt(15)
net/narutomod/entity/EntitySandLevitation.java,ModelSandCloud,bb_main,320,rand.nextInt(13)
net/narutomod/entity/EntitySandLevitation.java,ModelSandCloud,bb_main,320,rand.nextInt(15)
net/narutomod/entity/EntitySandLevitation.java,ModelSandCloud,bb_main,321,rand.nextInt(13)
net/narutomod/entity/EntitySandLevitation.java,ModelSandCloud,bb_main,321,rand.nextInt(15)
net/narutomod/entity/EntitySandLevitation.java,ModelSandCloud,bb_main,322,rand.nextInt(13)
net/narutomod/entity/EntitySandLevitation.java,ModelSandCloud,bb_main,322,rand.nextInt(15)
net/narutomod/entity/EntitySandLevitation.java,ModelSandCloud,bb_main,323,rand.nextInt(13)
net/narutomod/entity/EntitySandLevitation.java,ModelSandCloud,bb_main,323,rand.nextInt(15)
net/narutomod/entity/EntitySandLevitation.java,ModelSandCloud,bb_main,324,rand.nextInt(13)
net/narutomod/entity/EntitySandLevitation.java,ModelSandCloud,bb_main,324,rand.nextInt(15)
net/narutomod/entity/EntitySandLevitation.java,ModelSandCloud,bb_main,325,rand.nextInt(13)
net/narutomod/entity/EntitySandLevitation.java,ModelSandCloud,bb_main,325,rand.nextInt(15)
net/narutomod/entity/EntitySandLevitation.java,ModelSandCloud,bb_main,326,rand.nextInt(13)
net/narutomod/entity/EntitySandLevitation.java,ModelSandCloud,bb_main,326,rand.nextInt(15)
net/narutomod/entity/EntitySandLevitation.java,ModelSandCloud,bb_main,327,rand.nextInt(13)
net/narutomod/entity/EntitySandLevitation.java,ModelSandCloud,bb_main,327,rand.nextInt(15)
net/narutomod/entity/EntitySandLevitation.java,ModelSandCloud,bb_main,328,rand.nextInt(13)
net/narutomod/entity/EntitySandLevitation.java,ModelSandCloud,bb_main,328,rand.nextInt(15)
net/narutomod/entity/EntitySandLevitation.java,ModelSandCloud,bb_main,329,rand.nextInt(13)
net/narutomod/entity/EntitySandLevitation.java,ModelSandCloud,bb_main,329,rand.nextInt(15)
net/narutomod/entity/EntitySandLevitation.java,ModelSandCloud,bb_main,330,rand.nextInt(13)
net/narutomod/entity/EntitySandLevitation.java,ModelSandCloud,bb_main,330,rand.nextInt(15)
net/narutomod/entity/EntitySandLevitation.java,ModelSandCloud,bb_main,331,rand.nextInt(13)
net/narutomod/entity/EntitySandLevitation.java,ModelSandCloud,bb_main,331,rand.nextInt(15)
net/narutomod/entity/EntitySandLevitation.java,ModelSandCloud,bb_main,332,rand.nextInt(13)
net/narutomod/entity/EntitySandLevitation.java,ModelSandCloud,bb_main,332,rand.nextInt(15)
net/narutomod/entity/EntitySandLevitation.java,ModelSandCloud,bb_main,333,rand.nextInt(13)
net/narutomod/entity/EntitySandLevitation.java,ModelSandCloud,bb_main,333,rand.nextInt(15)
net/narutomod/entity/EntitySandLevitation.java,ModelSandCloud,bb_main,334,rand.nextInt(13)
net/narutomod/entity/EntitySandLevitation.java,ModelSandCloud,bb_main,334,rand.nextInt(15)
net/narutomod/entity/EntitySandLevitation.java,ModelSandCloud,bb_main,335,rand.nextInt(13)
net/narutomod/entity/EntitySandLevitation.java,ModelSandCloud,bb_main,335,rand.nextInt(15)
net/narutomod/entity/EntitySandLevitation.java,ModelSandCloud,bb_main,336,rand.nextInt(13)
net/narutomod/entity/EntitySandLevitation.java,ModelSandCloud,bb_main,336,rand.nextInt(15)
net/narutomod/entity/EntitySandLevitation.java,ModelSandCloud,bb_main,337,rand.nextInt(13)
net/narutomod/entity/EntitySandLevitation.java,ModelSandCloud,bb_main,337,rand.nextInt(15)
net/narutomod/entity/EntitySandLevitation.java,ModelSandCloud,bb_main,338,rand.nextInt(13)
net/narutomod/entity/EntitySandLevitation.java,ModelSandCloud,bb_main,338,rand.nextInt(15)
net/narutomod/entity/EntitySandLevitation.java,ModelSandCloud,bb_main,339,rand.nextInt(13)
net/narutomod/entity/EntitySandLevitation.java,ModelSandCloud,bb_main,339,rand.nextInt(15)
net/narutomod/entity/EntitySandLevitation.java,ModelSandCloud,bb_main,340,rand.nextInt(13)
net/narutomod/entity/EntitySandLevitation.java,ModelSandCloud,bb_main,340,rand.nextInt(15)
net/narutomod/entity/EntitySandLevitation.java,ModelSandCloud,bb_main,341,rand.nextInt(13)
net/narutomod/entity/EntitySandLevitation.java,ModelSandCloud,bb_main,341,rand.nextInt(15)
net/narutomod/entity/EntitySandLevitation.java,ModelSandCloud,bb_main,342,rand.nextInt(13)
net/narutomod/entity/EntitySandLevitation.java,ModelSandCloud,bb_main,342,rand.nextInt(15)
net/narutomod/entity/EntitySandLevitation.java,ModelSandCloud,bb_main,343,rand.nextInt(13)
net/narutomod/entity/EntitySandLevitation.java,ModelSandCloud,bb_main,343,rand.nextInt(15)
net/narutomod/entity/EntitySandLevitation.java,ModelSandCloud,bb_main,344,rand.nextInt(13)
net/narutomod/entity/EntitySandLevitation.java,ModelSandCloud,bb_main,344,rand.nextInt(15)
net/narutomod/entity/EntitySandLevitation.java,ModelSandCloud,bb_main,345,rand.nextInt(13)
net/narutomod/entity/EntitySandLevitation.java,ModelSandCloud,bb_main,345,rand.nextInt(15)
net/narutomod/entity/EntitySandLevitation.java,ModelSandCloud,bb_main,346,rand.nextInt(13)
net/narutomod/entity/EntitySandLevitation.java,ModelSandCloud,bb_main,346,rand.nextInt(15)
net/narutomod/entity/EntitySandLevitation.java,ModelSandCloud,bb_main,347,rand.nextInt(13)
net/narutomod/entity/EntitySandLevitation.java,ModelSandCloud,bb_main,347,rand.nextInt(15)
net/narutomod/entity/EntitySandLevitation.java,ModelSandCloud,bb_main,348,rand.nextInt(13)
net/narutomod/entity/EntitySandLevitation.java,ModelSandCloud,bb_main,348,rand.nextInt(15)
net/narutomod/entity/EntitySandLevitation.java,ModelSandCloud,bb_main,349,rand.nextInt(13)
net/narutomod/entity/EntitySandLevitation.java,ModelSandCloud,bb_main,349,rand.nextInt(15)
net/narutomod/entity/EntitySandLevitation.java,ModelSandCloud,bb_main,350,rand.nextInt(13)
net/narutomod/entity/EntitySandLevitation.java,ModelSandCloud,bb_main,350,rand.nextInt(15)
net/narutomod/entity/EntitySandLevitation.java,ModelSandCloud,bb_main,351,rand.nextInt(13)
net/narutomod/entity/EntitySandLevitation.java,ModelSandCloud,bb_main,351,rand.nextInt(15)
net/narutomod/entity/EntitySandLevitation.java,ModelSandCloud,bb_main,352,rand.nextInt(13)
net/narutomod/entity/EntitySandLevitation.java,ModelSandCloud,bb_main,352,rand.nextInt(15)
net/narutomod/entity/EntitySandLevitation.java,ModelSandCloud,bb_main,353,rand.nextInt(13)
net/narutomod/entity/EntitySandLevitation.java,ModelSandCloud,bb_main,353,rand.nextInt(15)
net/narutomod/entity/EntitySandLevitation.java,ModelSandCloud,bb_main,354,rand.nextInt(13)
net/narutomod/entity/EntitySandLevitation.java,ModelSandCloud,bb_main,354,rand.nextInt(15)
net/narutomod/entity/EntitySandLevitation.java,ModelSandCloud,bb_main,355,rand.nextInt(13)
net/narutomod/entity/EntitySandLevitation.java,ModelSandCloud,bb_main,355,rand.nextInt(15)
net/narutomod/entity/EntitySandLevitation.java,ModelSandCloud,bb_main,356,rand.nextInt(13)
net/narutomod/entity/EntitySandLevitation.java,ModelSandCloud,bb_main,356,rand.nextInt(15)
net/narutomod/entity/EntitySandLevitation.java,ModelSandCloud,bb_main,357,rand.nextInt(13)
net/narutomod/entity/EntitySandLevitation.java,ModelSandCloud,bb_main,357,rand.nextInt(15)
net/narutomod/entity/EntitySandLevitation.java,ModelSandCloud,bb_main,358,rand.nextInt(13)
net/narutomod/entity/EntitySandLevitation.java,ModelSandCloud,bb_main,358,rand.nextInt(15)
net/narutomod/entity/EntitySandLevitation.java,ModelSandCloud,bb_main,359,rand.nextInt(13)
net/narutomod/entity/EntitySandLevitation.java,ModelSandCloud,bb_main,359,rand.nextInt(15)
net/narutomod/entity/EntitySandLevitation.java,ModelSandCloud,bb_main,360,rand.nextInt(13)
net/narutomod/entity/EntitySandLevitation.java,ModelSandCloud,bb_main,360,rand.nextInt(15)
net/narutomod/entity/EntitySandLevitation.java,ModelSandCloud,bb_main,361,rand.nextInt(13)
net/narutomod/entity/EntitySandLevitation.java,ModelSandCloud,bb_main,361,rand.nextInt(15)
net/narutomod/entity/EntitySandLevitation.java,ModelSandCloud,bb_main,362,rand.nextInt(13)
net/narutomod/entity/EntitySandLevitation.java,ModelSandCloud,bb_main,362,rand.nextInt(15)
net/narutomod/entity/EntitySandLevitation.java,ModelSandCloud,bb_main,363,rand.nextInt(13)
net/narutomod/entity/EntitySandLevitation.java,ModelSandCloud,bb_main,363,rand.nextInt(15)
net/narutomod/entity/EntitySandLevitation.java,ModelSandCloud,bb_main,364,rand.nextInt(13)
net/narutomod/entity/EntitySandLevitation.java,ModelSandCloud,bb_main,364,rand.nextInt(15)
net/narutomod/entity/EntitySandLevitation.java,ModelSandCloud,bb_main,365,rand.nextInt(13)
net/narutomod/entity/EntitySandLevitation.java,ModelSandCloud,bb_main,365,rand.nextInt(15)
net/narutomod/entity/EntitySandLevitation.java,ModelSandCloud,bb_main,366,rand.nextInt(13)
net/narutomod/entity/EntitySandLevitation.java,ModelSandCloud,bb_main,366,rand.nextInt(15)
net/narutomod/entity/EntitySandLevitation.java,ModelSandCloud,bb_main,367,rand.nextInt(13)
net/narutomod/entity/EntitySandLevitation.java,ModelSandCloud,bb_main,367,rand.nextInt(15)
net/narutomod/entity/EntitySandLevitation.java,ModelSandCloud,bb_main,368,rand.nextInt(13)
net/narutomod/entity/EntitySandLevitation.java,ModelSandCloud,bb_main,368,rand.nextInt(15)
net/narutomod/entity/EntitySandLevitation.java,ModelSandCloud,bb_main,369,rand.nextInt(13)
net/narutomod/entity/EntitySandLevitation.java,ModelSandCloud,bb_main,369,rand.nextInt(15)
net/narutomod/entity/EntitySandLevitation.java,ModelSandCloud,bb_main,370,rand.nextInt(13)
net/narutomod/entity/EntitySandLevitation.java,ModelSandCloud,bb_main,370,rand.nextInt(15)
net/narutomod/entity/EntitySandLevitation.java,ModelSandCloud,bb_main,371,rand.nextInt(13)
net/narutomod/entity/EntitySandLevitation.java,ModelSandCloud,bb_main,371,rand.nextInt(15)
net/narutomod/entity/EntitySandLevitation.java,ModelSandCloud,bb_main,372,rand.nextInt(13)
net/narutomod/entity/EntitySandLevitation.java,ModelSandCloud,bb_main,372,rand.nextInt(15)
net/narutomod/entity/EntitySandLevitation.java,ModelSandCloud,bb_main,373,rand.nextInt(13)
net/narutomod/entity/EntitySandLevitation.java,ModelSandCloud,bb_main,373,rand.nextInt(15)
net/narutomod/entity/EntitySandLevitation.java,ModelSandCloud,bb_main,374,rand.nextInt(13)
net/narutomod/entity/EntitySandLevitation.java,ModelSandCloud,bb_main,374,rand.nextInt(15)
net/narutomod/entity/EntitySandLevitation.java,ModelSandCloud,bb_main,375,rand.nextInt(13)
net/narutomod/entity/EntitySandLevitation.java,ModelSandCloud,bb_main,375,rand.nextInt(15)
net/narutomod/entity/EntitySandLevitation.java,ModelSandCloud,bb_main,376,rand.nextInt(13)
net/narutomod/entity/EntitySandLevitation.java,ModelSandCloud,bb_main,376,rand.nextInt(15)
net/narutomod/entity/EntitySandLevitation.java,ModelSandCloud,bb_main,377,rand.nextInt(13)
net/narutomod/entity/EntitySandLevitation.java,ModelSandCloud,bb_main,377,rand.nextInt(15)
net/narutomod/entity/EntitySandLevitation.java,ModelSandCloud,bb_main,378,rand.nextInt(13)
net/narutomod/entity/EntitySandLevitation.java,ModelSandCloud,bb_main,378,rand.nextInt(15)
net/narutomod/entity/EntitySandLevitation.java,ModelSandCloud,bb_main,379,rand.nextInt(13)
net/narutomod/entity/EntitySandLevitation.java,ModelSandCloud,bb_main,379,rand.nextInt(15)
net/narutomod/entity/EntitySandLevitation.java,ModelSandCloud,bb_main,380,rand.nextInt(13)
net/narutomod/entity/EntitySandLevitation.java,ModelSandCloud,bb_main,380,rand.nextInt(15)
net/narutomod/entity/EntitySandLevitation.java,ModelSandCloud,bb_main,381,rand.nextInt(13)
net/narutomod/entity/EntitySandLevitation.java,ModelSandCloud,bb_main,381,rand.nextInt(15)
net/narutomod/entity/EntitySandLevitation.java,ModelSandCloud,bb_main,382,rand.nextInt(13)
net/narutomod/entity/EntitySandLevitation.java,ModelSandCloud,bb_main,382,rand.nextInt(15)
net/narutomod/entity/EntitySandLevitation.java,ModelSandCloud,bb_main,383,rand.nextInt(13)
net/narutomod/entity/EntitySandLevitation.java,ModelSandCloud,bb_main,383,rand.nextInt(15)
net/narutomod/entity/EntitySandLevitation.java,ModelSandCloud,bb_main,384,rand.nextInt(13)
net/narutomod/entity/EntitySandLevitation.java,ModelSandCloud,bb_main,384,rand.nextInt(15)
net/narutomod/entity/EntitySandLevitation.java,ModelSandCloud,bb_main,385,rand.nextInt(13)
net/narutomod/entity/EntitySandLevitation.java,ModelSandCloud,bb_main,385,rand.nextInt(15)
net/narutomod/entity/EntitySandLevitation.java,ModelSandCloud,bb_main,386,rand.nextInt(13)
net/narutomod/entity/EntitySandLevitation.java,ModelSandCloud,bb_main,386,rand.nextInt(15)
net/narutomod/entity/EntitySandLevitation.java,ModelSandCloud,bb_main,387,rand.nextInt(13)
net/narutomod/entity/EntitySandLevitation.java,ModelSandCloud,bb_main,387,rand.nextInt(15)
net/narutomod/entity/EntitySandLevitation.java,ModelSandCloud,bb_main,388,rand.nextInt(13)
net/narutomod/entity/EntitySandLevitation.java,ModelSandCloud,bb_main,388,rand.nextInt(15)
net/narutomod/entity/EntitySandLevitation.java,ModelSandCloud,bb_main,389,rand.nextInt(13)
net/narutomod/entity/EntitySandLevitation.java,ModelSandCloud,bb_main,389,rand.nextInt(15)
net/narutomod/entity/EntitySandLevitation.java,ModelSandCloud,bb_main,390,rand.nextInt(13)
net/narutomod/entity/EntitySandLevitation.java,ModelSandCloud,bb_main,390,rand.nextInt(15)
net/narutomod/entity/EntitySandLevitation.java,ModelSandCloud,bb_main,391,rand.nextInt(13)
net/narutomod/entity/EntitySandLevitation.java,ModelSandCloud,bb_main,391,rand.nextInt(15)
net/narutomod/entity/EntitySandLevitation.java,ModelSandCloud,bb_main,392,rand.nextInt(13)
net/narutomod/entity/EntitySandLevitation.java,ModelSandCloud,bb_main,392,rand.nextInt(15)
net/narutomod/entity/EntitySandLevitation.java,ModelSandCloud,bb_main,393,rand.nextInt(13)
net/narutomod/entity/EntitySandLevitation.java,ModelSandCloud,bb_main,393,rand.nextInt(15)
net/narutomod/entity/EntitySandLevitation.java,ModelSandCloud,bb_main,394,rand.nextInt(13)
net/narutomod/entity/EntitySandLevitation.java,ModelSandCloud,bb_main,394,rand.nextInt(15)
net/narutomod/entity/EntitySandLevitation.java,ModelSandCloud,bb_main,395,rand.nextInt(13)
net/narutomod/entity/EntitySandLevitation.java,ModelSandCloud,bb_main,395,rand.nextInt(15)
net/narutomod/entity/EntitySandLevitation.java,ModelSandCloud,bb_main,396,rand.nextInt(13)
net/narutomod/entity/EntitySandLevitation.java,ModelSandCloud,bb_main,396,rand.nextInt(15)
net/narutomod/entity/EntitySandLevitation.java,ModelSandCloud,bb_main,397,rand.nextInt(13)
net/narutomod/entity/EntitySandLevitation.java,ModelSandCloud,bb_main,397,rand.nextInt(15)
net/narutomod/entity/EntitySandLevitation.java,ModelSandCloud,bb_main,398,rand.nextInt(13)
net/narutomod/entity/EntitySandLevitation.java,ModelSandCloud,bb_main,398,rand.nextInt(15)
net/narutomod/entity/EntitySandLevitation.java,ModelSandCloud,bb_main,399,rand.nextInt(13)
net/narutomod/entity/EntitySandLevitation.java,ModelSandCloud,bb_main,399,rand.nextInt(15)
net/narutomod/entity/EntitySandLevitation.java,ModelSandCloud,bb_main,400,rand.nextInt(13)
net/narutomod/entity/EntitySandLevitation.java,ModelSandCloud,bb_main,400,rand.nextInt(15)
net/narutomod/entity/EntitySandLevitation.java,ModelSandCloud,bb_main,401,rand.nextInt(13)
net/narutomod/entity/EntitySandLevitation.java,ModelSandCloud,bb_main,401,rand.nextInt(15)
net/narutomod/entity/EntitySnake.java,ModelSnake,segment[i],1350,i >= 12 ? (11 - i) * 0.2F : 0.0F
